method,episodes,success_rate,mean_return,mean_episode_length
random,25,0.52,0.20895999999999998,82.56
wm,25,0.88,0.52,52.0
wm_vlm,25,0.4,0.16563999999999995,86.04
